,From Calm,From Stressed
To Calm,0.9672555164183678,0.08226369421982484
To Stressed,0.032744483581632,0.9177363057801753
